"Event_ID","Report_ID","Report_Date","Wild_or_Domestic","Species","Susceptible","Cases","Deaths","Killed.and.Disposed.of","Slaughtered..Killed.for.commercial.use","Vaccinated"
"4451","155328",2022-05-10,"Wild","Red Fox",0,"0","2","0",0,0
"4451","155419",2022-05-18,"Wild","Red Fox",0,"11","7","0",0,0
"4451","155700",2022-06-03,"Wild","Red Fox",0,"15","1","4",0,0
"4451","155740",2022-06-17,"Wild","Coyote",0,"1","0","1",0,0
"4451","155740",2022-06-17,"Wild","Virginia Opossum",0,"2","1","1",0,0
"4451","155740",2022-06-17,"Wild","Bobcat",0,"2","0","2",0,0
"4451","155740",2022-06-17,"Wild","Racoon (Northern raccoon)",0,"4","2","0",0,0
"4451","155740",2022-06-17,"Wild","Red Fox",0,"13","5","6",0,0
"4451","156029",2022-07-05,"Wild","Coyote",0,"0","0","0",0,0
"4451","156029",2022-07-05,"Wild","Virginia Opossum",0,"0","0","0",0,0
"4451","156029",2022-07-05,"Wild","Bobcat",0,"0","0","0",0,0
"4451","156029",2022-07-05,"Wild","Striped Skunk",0,"1","0","1",0,0
"4451","156029",2022-07-05,"Wild","Racoon (Northern raccoon)",0,"1","0","1",0,0
"4451","156029",2022-07-05,"Wild","Red Fox",0,"9","5","4",0,0
"4451","156100",2022-07-07,"Wild","Coyote",0,"0","0","0",0,0
"4451","156100",2022-07-07,"Wild","Virginia Opossum",0,"0","0","0",0,0
"4451","156100",2022-07-07,"Wild","Bobcat",0,"0","0","0",0,0
"4451","156100",2022-07-07,"Wild","Striped Skunk",0,"0","0","0",0,0
"4451","156100",2022-07-07,"Wild","Harbor Seal",0,"4","3","1",0,0
"4451","156100",2022-07-07,"Wild","Racoon (Northern raccoon)",0,"0","0","0",0,0
"4451","156100",2022-07-07,"Wild","Red Fox",0,"0","0","0",0,0
"4451","156202",2022-07-15,"Wild","Coyote",0,"0","0","0",0,0
"4451","156202",2022-07-15,"Wild","Virginia Opossum",0,"0","0","0",0,0
"4451","156202",2022-07-15,"Wild","Gray Seal",0,"1","1","0",0,0
"4451","156202",2022-07-15,"Wild","Bobcat",0,"0","0","0",0,0
"4451","156202",2022-07-15,"Wild","Striped Skunk",0,"2","0","2",0,0
"4451","156202",2022-07-15,"Wild","Harbor Seal",0,"5","5","0",0,0
"4451","156202",2022-07-15,"Wild","Racoon (Northern raccoon)",0,"1","0","0",0,0
"4451","156202",2022-07-15,"Wild","Red Fox",0,"1","0","0",0,0
"4451","156507",2022-08-05,"Wild","Coyote",0,"0","0","0",0,0
"4451","156507",2022-08-05,"Wild","Virginia Opossum",0,"0","0","0",0,0
"4451","156507",2022-08-05,"Wild","Gray Seal",0,"0","0","0",0,0
"4451","156507",2022-08-05,"Wild","Bobcat",0,"0","0","0",0,0
"4451","156507",2022-08-05,"Wild","Striped Skunk",0,"1","1","0",0,0
"4451","156507",2022-08-05,"Wild","Harbor Seal",0,"6","5","1",0,0
"4451","156507",2022-08-05,"Wild","Racoon (Northern raccoon)",0,"0","0","0",0,0
"4451","156507",2022-08-05,"Wild","Red Fox",0,"0","0","0",0,0
"4451","156507",2022-08-05,"Wild","Fisher",0,"1","0","1",0,0
"4451","156650",2022-08-19,"Wild","Coyote",0,"0","0","0",0,0
"4451","156650",2022-08-19,"Wild","Virginia Opossum",0,"0","0","0",0,0
"4451","156650",2022-08-19,"Wild","Gray Seal",0,"0","0","0",0,0
"4451","156650",2022-08-19,"Wild","Bobcat",0,"0","0","0",0,0
"4451","156650",2022-08-19,"Wild","Striped Skunk",0,"0","0","0",0,0
"4451","156650",2022-08-19,"Wild","Harbor Seal",0,"1","1","0",0,0
"4451","156650",2022-08-19,"Wild","Racoon (Northern raccoon)",0,"0","0","0",0,0
"4451","156650",2022-08-19,"Wild","Bottlenose dolphin",0,"1","1","0",0,0
"4451","156650",2022-08-19,"Wild","Red Fox",0,"0","0","0",0,0
"4451","156650",2022-08-19,"Wild","Fisher",0,"0","0","0",0,0
"4451","156699",2022-08-22,"Wild","Coyote",0,"0","0","0",0,0
"4451","156699",2022-08-22,"Wild","Virginia Opossum",0,"0","0","0",0,0
"4451","156699",2022-08-22,"Wild","Gray Seal",0,"0","0","0",0,0
"4451","156699",2022-08-22,"Wild","Bobcat",0,"0","0","0",0,0
"4451","156699",2022-08-22,"Wild","Striped Skunk",0,"0","0","0",0,0
"4451","156699",2022-08-22,"Wild","Harbor Seal",0,"0","0","0",0,0
"4451","156699",2022-08-22,"Wild","Racoon (Northern raccoon)",0,"0","0","0",0,0
"4451","156699",2022-08-22,"Wild","Bottlenose dolphin",0,"0","0","0",0,0
"4451","156699",2022-08-22,"Wild","Red Fox",0,"4","4","0",0,0
"4451","156699",2022-08-22,"Wild","Amur Leopard",0,"1","1","0",0,0
"4451","156699",2022-08-22,"Wild","Fisher",0,"0","0","0",0,0
"4451","157635",2022-11-04,"Wild","Coyote",0,"0","0","0",0,0
"4451","157635",2022-11-04,"Wild","Virginia Opossum",0,"1","1","0",0,0
"4451","157635",2022-11-04,"Wild","Gray Seal",0,"0","0","0",0,0
"4451","157635",2022-11-04,"Wild","Bobcat",0,"0","0","0",0,0
"4451","157635",2022-11-04,"Wild","Striped Skunk",0,"1","1","0",0,0
"4451","157635",2022-11-04,"Wild","Harbor Seal",0,"0","0","0",0,0
"4451","157635",2022-11-04,"Wild","Racoon (Northern raccoon)",0,"0","0","0",0,0
"4451","157635",2022-11-04,"Wild","Bottlenose dolphin",0,"0","0","0",0,0
"4451","157635",2022-11-04,"Wild","Red Fox",0,"1","1","0",0,0
"4451","157635",2022-11-04,"Wild","Amur Leopard",0,"0","0","0",0,0
"4451","157635",2022-11-04,"Wild","Fisher",0,"0","0","0",0,0
"4451","157841",2022-11-17,"Wild","Coyote",0,"0","0","0",0,0
"4451","157841",2022-11-17,"Wild","Virginia Opossum",0,"0","0","0",0,0
"4451","157841",2022-11-17,"Wild","Gray Seal",0,"0","0","0",0,0
"4451","157841",2022-11-17,"Wild","Bobcat",0,"0","0","0",0,0
"4451","157841",2022-11-17,"Wild","Striped Skunk",0,"2","1","0",0,0
"4451","157841",2022-11-17,"Wild","Harbor Seal",0,"0","0","0",0,0
"4451","157841",2022-11-17,"Wild","Racoon (Northern raccoon)",0,"0","0","0",0,0
"4451","157841",2022-11-17,"Wild","Bottlenose dolphin",0,"0","0","0",0,0
"4451","157841",2022-11-17,"Wild","Red Fox",0,"0","0","0",0,0
"4451","157841",2022-11-17,"Wild","Amur Leopard",0,"0","0","0",0,0
"4451","157841",2022-11-17,"Wild","Fisher",0,"0","0","0",0,0
"4451","157987",2022-11-23,"Wild","Coyote",0,"0","0","0",0,0
"4451","157987",2022-11-23,"Wild","Virginia Opossum",0,"0","0","0",0,0
"4451","157987",2022-11-23,"Wild","Gray Seal",0,"0","0","0",0,0
"4451","157987",2022-11-23,"Wild","Bobcat",0,"0","0","0",0,0
"4451","157987",2022-11-23,"Wild","Striped Skunk",0,"4","3","1",0,0
"4451","157987",2022-11-23,"Wild","Harbor Seal",0,"0","0","0",0,0
"4451","157987",2022-11-23,"Wild","Racoon (Northern raccoon)",0,"0","0","0",0,0
"4451","157987",2022-11-23,"Wild","Bottlenose dolphin",0,"0","0","0",0,0
"4451","157987",2022-11-23,"Wild","American Black Bear (black bear)",0,"1","0","1",0,0
"4451","157987",2022-11-23,"Wild","Red Fox",0,"0","0","0",0,0
"4451","157987",2022-11-23,"Wild","Amur Leopard",0,"0","0","0",0,0
"4451","157987",2022-11-23,"Wild","Fisher",0,"0","0","0",0,0
"4451","158201",2023-01-13,"Wild","Coyote",0,"0","0","0",0,0
"4451","158201",2023-01-13,"Domestic","Cats",0,"2","1","1",0,0
"4451","158201",2023-01-13,"Wild","Virginia Opossum",0,"0","0","0",0,0
"4451","158201",2023-01-13,"Wild","Gray Seal",0,"0","0","0",0,0
"4451","158201",2023-01-13,"Wild","Bobcat",0,"0","0","0",0,0
"4451","158201",2023-01-13,"Wild","Striped Skunk",0,"6","6","0",0,0
"4451","158201",2023-01-13,"Wild","Tiger",0,"1","1","0",0,0
"4451","158201",2023-01-13,"Wild","Harbor Seal",0,"0","0","0",0,0
"4451","158201",2023-01-13,"Wild","Racoon (Northern raccoon)",0,"2","1","1",0,0
"4451","158201",2023-01-13,"Wild","Puma",0,"1","1","0",0,0
"4451","158201",2023-01-13,"Wild","Bottlenose dolphin",0,"0","0","0",0,0
"4451","158201",2023-01-13,"Wild","American Black Bear (black bear)",0,"0","0","0",0,0
"4451","158201",2023-01-13,"Wild","Brown bear (Grizzly Bear)",0,"3","3","0",0,0
"4451","158201",2023-01-13,"Wild","Red Fox",0,"2","1","1",0,0
"4451","158201",2023-01-13,"Wild","Amur Leopard",0,"0","0","0",0,0
"4451","158201",2023-01-13,"Wild","Fisher",0,"0","0","0",0,0
"4451","158817",2023-01-20,"Wild","Coyote",0,"0","0","0",0,0
"4451","158817",2023-01-20,"Domestic","Cats",0,"1","0","1",0,0
"4451","158817",2023-01-20,"Wild","Virginia Opossum",0,"0","0","0",0,0
"4451","158817",2023-01-20,"Wild","Gray Seal",0,"0","0","0",0,0
"4451","158817",2023-01-20,"Wild","Bobcat",0,"0","0","0",0,0
"4451","158817",2023-01-20,"Wild","Striped Skunk",0,"1","0","1",0,0
"4451","158817",2023-01-20,"Wild","Tiger",0,"0","0","0",0,0
"4451","158817",2023-01-20,"Wild","Harbor Seal",0,"0","0","0",0,0
"4451","158817",2023-01-20,"Wild","Racoon (Northern raccoon)",0,"0","0","0",0,0
"4451","158817",2023-01-20,"Wild","Puma",0,"0","0","0",0,0
"4451","158817",2023-01-20,"Wild","Bottlenose dolphin",0,"0","0","0",0,0
"4451","158817",2023-01-20,"Wild","American Black Bear (black bear)",0,"0","0","0",0,0
"4451","158817",2023-01-20,"Wild","Brown bear (Grizzly Bear)",0,"1","0","1",0,0
"4451","158817",2023-01-20,"Wild","Red Fox",0,"0","0","0",0,0
"4451","158817",2023-01-20,"Wild","Amur Leopard",0,"0","0","0",0,0
"4451","158817",2023-01-20,"Wild","Fisher",0,"0","0","0",0,0
"4451","158954",2023-01-27,"Wild","Coyote",0,"0","0","0",0,0
"4451","158954",2023-01-27,"Domestic","Cats",0,"0","0","0",0,0
"4451","158954",2023-01-27,"Wild","Virginia Opossum",0,"0","0","0",0,0
"4451","158954",2023-01-27,"Wild","Gray Seal",0,"0","0","0",0,0
"4451","158954",2023-01-27,"Wild","Bobcat",0,"1","1","0",0,0
"4451","158954",2023-01-27,"Wild","Striped Skunk",0,"0","0","0",0,0
"4451","158954",2023-01-27,"Wild","Tiger",0,"0","0","0",0,0
"4451","158954",2023-01-27,"Wild","Harbor Seal",0,"0","0","0",0,0
"4451","158954",2023-01-27,"Wild","Racoon (Northern raccoon)",0,"0","0","0",0,0
"4451","158954",2023-01-27,"Wild","Puma",0,"0","0","0",0,0
"4451","158954",2023-01-27,"Wild","Bottlenose dolphin",0,"0","0","0",0,0
"4451","158954",2023-01-27,"Wild","American Black Bear (black bear)",0,"0","0","0",0,0
"4451","158954",2023-01-27,"Wild","Brown bear (Grizzly Bear)",0,"0","0","0",0,0
"4451","158954",2023-01-27,"Wild","Red Fox",0,"1","1","0",0,0
"4451","158954",2023-01-27,"Wild","Amur Leopard",0,"0","0","0",0,0
"4451","158954",2023-01-27,"Wild","Fisher",0,"0","0","0",0,0
"4451","159048",2023-02-03,"Wild","Coyote",0,"0","0","0",0,0
"4451","159048",2023-02-03,"Domestic","Cats",0,"1","0","1",0,0
"4451","159048",2023-02-03,"Wild","Virginia Opossum",0,"0","0","0",0,0
"4451","159048",2023-02-03,"Wild","Gray Seal",0,"0","0","0",0,0
"4451","159048",2023-02-03,"Wild","Bobcat",0,"1","1","0",0,0
"4451","159048",2023-02-03,"Wild","Striped Skunk",0,"0","0","0",0,0
"4451","159048",2023-02-03,"Wild","Tiger",0,"0","0","0",0,0
"4451","159048",2023-02-03,"Wild","Harbor Seal",0,"0","0","0",0,0
"4451","159048",2023-02-03,"Wild","Racoon (Northern raccoon)",0,"0","0","0",0,0
"4451","159048",2023-02-03,"Wild","Puma",0,"0","0","0",0,0
"4451","159048",2023-02-03,"Wild","Bottlenose dolphin",0,"0","0","0",0,0
"4451","159048",2023-02-03,"Wild","American Black Bear (black bear)",0,"0","0","0",0,0
"4451","159048",2023-02-03,"Wild","Brown bear (Grizzly Bear)",0,"0","0","0",0,0
"4451","159048",2023-02-03,"Wild","Red Fox",0,"1","1","0",0,0
"4451","159048",2023-02-03,"Wild","Amur Leopard",0,"0","0","0",0,0
"4451","159048",2023-02-03,"Wild","Fisher",0,"0","0","0",0,0
"4451","159150",2023-02-09,"Wild","Coyote",0,"0","0","0",0,0
"4451","159150",2023-02-09,"Domestic","Cats",0,"0","0","0",0,0
"4451","159150",2023-02-09,"Wild","Virginia Opossum",0,"0","0","0",0,0
"4451","159150",2023-02-09,"Wild","Gray Seal",0,"0","0","0",0,0
"4451","159150",2023-02-09,"Wild","Bobcat",0,"0","0","0",0,0
"4451","159150",2023-02-09,"Wild","Striped Skunk",0,"2","2","0",0,0
"4451","159150",2023-02-09,"Wild","Tiger",0,"0","0","0",0,0
"4451","159150",2023-02-09,"Wild","Harbor Seal",0,"0","0","0",0,0
"4451","159150",2023-02-09,"Wild","Racoon (Northern raccoon)",0,"0","0","0",0,0
"4451","159150",2023-02-09,"Wild","Puma",0,"0","0","0",0,0
"4451","159150",2023-02-09,"Wild","Bottlenose dolphin",0,"0","0","0",0,0
"4451","159150",2023-02-09,"Wild","American Black Bear (black bear)",0,"1","1","0",0,0
"4451","159150",2023-02-09,"Wild","Brown bear (Grizzly Bear)",0,"0","0","0",0,0
"4451","159150",2023-02-09,"Wild","Red Fox",0,"1","0","1",0,0
"4451","159150",2023-02-09,"Wild","Amur Leopard",0,"0","0","0",0,0
"4451","159150",2023-02-09,"Wild","Fisher",0,"0","0","0",0,0
"4451","159294",2023-02-17,"Wild","Coyote",0,"0","0","0",0,0
"4451","159294",2023-02-17,"Domestic","Cats",0,"0","0","0",0,0
"4451","159294",2023-02-17,"Wild","Virginia Opossum",0,"0","0","0",0,0
"4451","159294",2023-02-17,"Wild","Gray Seal",0,"0","0","0",0,0
"4451","159294",2023-02-17,"Wild","Bobcat",0,"0","0","0",0,0
"4451","159294",2023-02-17,"Wild","Striped Skunk",0,"0","0","0",0,0
"4451","159294",2023-02-17,"Wild","Tiger",0,"0","0","0",0,0
"4451","159294",2023-02-17,"Wild","Harbor Seal",0,"0","0","0",0,0
"4451","159294",2023-02-17,"Wild","Racoon (Northern raccoon)",0,"0","0","0",0,0
"4451","159294",2023-02-17,"Wild","Puma",0,"3","3","0",0,0
"4451","159294",2023-02-17,"Wild","Bottlenose dolphin",0,"0","0","0",0,0
"4451","159294",2023-02-17,"Wild","American Black Bear (black bear)",0,"1","0","1",0,0
"4451","159294",2023-02-17,"Wild","Brown bear (Grizzly Bear)",0,"0","0","0",0,0
"4451","159294",2023-02-17,"Wild","Red Fox",0,"2","2","0",0,0
"4451","159294",2023-02-17,"Wild","Amur Leopard",0,"0","0","0",0,0
"4451","159294",2023-02-17,"Wild","Fisher",0,"0","0","0",0,0
"4451","159456",2023-02-23,"Wild","Coyote",0,"0","0","0",0,0
"4451","159456",2023-02-23,"Domestic","Cats",0,"0","0","0",0,0
"4451","159456",2023-02-23,"Wild","Virginia Opossum",0,"0","0","0",0,0
"4451","159456",2023-02-23,"Wild","Gray Seal",0,"0","0","0",0,0
"4451","159456",2023-02-23,"Wild","Bobcat",0,"1","1","0",0,0
"4451","159456",2023-02-23,"Wild","Striped Skunk",0,"1","1","0",0,0
"4451","159456",2023-02-23,"Wild","Tiger",0,"0","0","0",0,0
"4451","159456",2023-02-23,"Wild","Harbor Seal",0,"0","0","0",0,0
"4451","159456",2023-02-23,"Wild","Racoon (Northern raccoon)",0,"0","0","0",0,0
"4451","159456",2023-02-23,"Wild","Puma",0,"0","0","0",0,0
"4451","159456",2023-02-23,"Wild","Bottlenose dolphin",0,"0","0","0",0,0
"4451","159456",2023-02-23,"Wild","American Black Bear (black bear)",0,"0","0","0",0,0
"4451","159456",2023-02-23,"Wild","Brown bear (Grizzly Bear)",0,"0","0","0",0,0
"4451","159456",2023-02-23,"Wild","Red Fox",0,"0","0","0",0,0
"4451","159456",2023-02-23,"Wild","Amur Leopard",0,"0","0","0",0,0
"4451","159456",2023-02-23,"Wild","Fisher",0,"0","0","0",0,0
"4451","159512",2023-03-03,"Wild","Coyote",0,"0","0","0",0,0
"4451","159512",2023-03-03,"Domestic","Cats",0,"0","0","0",0,0
"4451","159512",2023-03-03,"Wild","Virginia Opossum",0,"0","0","0",0,0
"4451","159512",2023-03-03,"Wild","Gray Seal",0,"0","0","0",0,0
"4451","159512",2023-03-03,"Wild","Bobcat",0,"1","1","0",0,0
"4451","159512",2023-03-03,"Wild","Striped Skunk",0,"0","0","0",0,0
"4451","159512",2023-03-03,"Wild","Tiger",0,"0","0","0",0,0
"4451","159512",2023-03-03,"Wild","Harbor Seal",0,"0","0","0",0,0
"4451","159512",2023-03-03,"Wild","Racoon (Northern raccoon)",0,"1","0","1",0,0
"4451","159512",2023-03-03,"Wild","Puma",0,"3","3","0",0,0
"4451","159512",2023-03-03,"Wild","Bottlenose dolphin",0,"0","0","0",0,0
"4451","159512",2023-03-03,"Wild","American Black Bear (black bear)",0,"0","0","0",0,0
"4451","159512",2023-03-03,"Wild","Brown bear (Grizzly Bear)",0,"0","0","0",0,0
"4451","159512",2023-03-03,"Wild","Red Fox",0,"0","0","0",0,0
"4451","159512",2023-03-03,"Wild","Amur Leopard",0,"0","0","0",0,0
"4451","159512",2023-03-03,"Wild","Fisher",0,"0","0","0",0,0
"4451","159512",2023-03-03,"Wild","North American river otter",0,"1","1","0",0,0
"4451","159676",2023-03-09,"Wild","Coyote",0,"0","0","0",0,0
"4451","159676",2023-03-09,"Domestic","Cats",0,"0","0","0",0,0
"4451","159676",2023-03-09,"Wild","Virginia Opossum",0,"0","0","0",0,0
"4451","159676",2023-03-09,"Wild","Gray Seal",0,"0","0","0",0,0
"4451","159676",2023-03-09,"Wild","Bobcat",0,"0","0","0",0,0
"4451","159676",2023-03-09,"Wild","Striped Skunk",0,"5","3","2",0,0
"4451","159676",2023-03-09,"Wild","Tiger",0,"0","0","0",0,0
"4451","159676",2023-03-09,"Wild","Harbor Seal",0,"0","0","0",0,0
"4451","159676",2023-03-09,"Wild","Racoon (Northern raccoon)",0,"0","0","0",0,0
"4451","159676",2023-03-09,"Wild","Puma",0,"2","2","0",0,0
"4451","159676",2023-03-09,"Wild","Bottlenose dolphin",0,"0","0","0",0,0
"4451","159676",2023-03-09,"Wild","American Black Bear (black bear)",0,"0","0","0",0,0
"4451","159676",2023-03-09,"Wild","Brown bear (Grizzly Bear)",0,"0","0","0",0,0
"4451","159676",2023-03-09,"Wild","Red Fox",0,"0","0","0",0,0
"4451","159676",2023-03-09,"Wild","Amur Leopard",0,"0","0","0",0,0
"4451","159676",2023-03-09,"Wild","Fisher",0,"0","0","0",0,0
"4451","159676",2023-03-09,"Wild","North American river otter",0,"0","0","0",0,0
"4451","159773",2023-03-16,"Wild","Coyote",0,"0","0","0",0,0
"4451","159773",2023-03-16,"Domestic","Cats",0,"0","0","0",0,0
"4451","159773",2023-03-16,"Wild","Virginia Opossum",0,"0","0","0",0,0
"4451","159773",2023-03-16,"Wild","Gray Seal",0,"0","0","0",0,0
"4451","159773",2023-03-16,"Wild","Bobcat",0,"0","0","0",0,0
"4451","159773",2023-03-16,"Wild","Striped Skunk",0,"3","2","1",0,0
"4451","159773",2023-03-16,"Wild","Tiger",0,"0","0","0",0,0
"4451","159773",2023-03-16,"Wild","Harbor Seal",0,"0","0","0",0,0
"4451","159773",2023-03-16,"Wild","Racoon (Northern raccoon)",0,"1","0","1",0,0
"4451","159773",2023-03-16,"Wild","Puma",0,"0","0","0",0,0
"4451","159773",2023-03-16,"Wild","Bottlenose dolphin",0,"0","0","0",0,0
"4451","159773",2023-03-16,"Wild","American Black Bear (black bear)",0,"0","0","0",0,0
"4451","159773",2023-03-16,"Wild","Brown bear (Grizzly Bear)",0,"0","0","0",0,0
"4451","159773",2023-03-16,"Wild","Red Fox",0,"0","0","0",0,0
"4451","159773",2023-03-16,"Wild","Amur Leopard",0,"0","0","0",0,0
"4451","159773",2023-03-16,"Wild","Fisher",0,"0","0","0",0,0
"4451","159773",2023-03-16,"Wild","North American river otter",0,"0","0","0",0,0
"4451","159936",2023-03-23,"Wild","Coyote",0,"0","0","0",0,0
"4451","159936",2023-03-23,"Domestic","Cats",0,"0","0","0",0,0
"4451","159936",2023-03-23,"Wild","Virginia Opossum",0,"0","0","0",0,0
"4451","159936",2023-03-23,"Wild","Gray Seal",0,"0","0","0",0,0
"4451","159936",2023-03-23,"Wild","Bobcat",0,"0","0","0",0,0
"4451","159936",2023-03-23,"Wild","Striped Skunk",0,"3","1","2",0,0
"4451","159936",2023-03-23,"Wild","Tiger",0,"0","0","0",0,0
"4451","159936",2023-03-23,"Wild","Harbor Seal",0,"0","0","0",0,0
"4451","159936",2023-03-23,"Wild","Racoon (Northern raccoon)",0,"0","0","0",0,0
"4451","159936",2023-03-23,"Wild","Puma",0,"0","0","0",0,0
"4451","159936",2023-03-23,"Wild","Bottlenose dolphin",0,"0","0","0",0,0
"4451","159936",2023-03-23,"Wild","American Black Bear (black bear)",0,"0","0","0",0,0
"4451","159936",2023-03-23,"Wild","Brown bear (Grizzly Bear)",0,"0","0","0",0,0
"4451","159936",2023-03-23,"Wild","Red Fox",0,"0","0","0",0,0
"4451","159936",2023-03-23,"Wild","Amur Leopard",0,"0","0","0",0,0
"4451","159936",2023-03-23,"Wild","Fisher",0,"0","0","0",0,0
"4451","159936",2023-03-23,"Wild","North American river otter",0,"0","0","0",0,0
"4451","160139",2023-03-30,"Wild","Coyote",0,"0","0","0",0,0
"4451","160139",2023-03-30,"Domestic","Cats",0,"0","0","0",0,0
"4451","160139",2023-03-30,"Wild","Virginia Opossum",0,"0","0","0",0,0
"4451","160139",2023-03-30,"Wild","Gray Seal",0,"0","0","0",0,0
"4451","160139",2023-03-30,"Wild","Bobcat",0,"0","0","0",0,0
"4451","160139",2023-03-30,"Wild","Striped Skunk",0,"1","0","1",0,0
"4451","160139",2023-03-30,"Wild","Tiger",0,"0","0","0",0,0
"4451","160139",2023-03-30,"Wild","Harbor Seal",0,"0","0","0",0,0
"4451","160139",2023-03-30,"Wild","Racoon (Northern raccoon)",0,"0","0","0",0,0
"4451","160139",2023-03-30,"Wild","Puma",0,"2","2","0",0,0
"4451","160139",2023-03-30,"Wild","Bottlenose dolphin",0,"0","0","0",0,0
"4451","160139",2023-03-30,"Wild","American Black Bear (black bear)",0,"0","0","0",0,0
"4451","160139",2023-03-30,"Wild","Brown bear (Grizzly Bear)",0,"0","0","0",0,0
"4451","160139",2023-03-30,"Wild","Red Fox",0,"0","0","0",0,0
"4451","160139",2023-03-30,"Wild","Amur Leopard",0,"0","0","0",0,0
"4451","160139",2023-03-30,"Wild","Fisher",0,"0","0","0",0,0
"4451","160139",2023-03-30,"Wild","North American river otter",0,"0","0","0",0,0
"4451","160139",2023-03-30,"Wild","American marten",0,"1","1","0",0,0
"4451","160253",2023-04-06,"Wild","Coyote",0,"0","0","0",0,0
"4451","160253",2023-04-06,"Domestic","Cats",0,"1","0","1",0,0
"4451","160253",2023-04-06,"Wild","Virginia Opossum",0,"0","0","0",0,0
"4451","160253",2023-04-06,"Wild","Domestic cat",0,"1","1","0",0,0
"4451","160253",2023-04-06,"Wild","Gray Seal",0,"0","0","0",0,0
"4451","160253",2023-04-06,"Wild","Bobcat",0,"0","0","0",0,0
"4451","160253",2023-04-06,"Wild","Striped Skunk",0,"0","0","0",0,0
"4451","160253",2023-04-06,"Wild","Tiger",0,"0","0","0",0,0
"4451","160253",2023-04-06,"Wild","Harbor Seal",0,"0","0","0",0,0
"4451","160253",2023-04-06,"Wild","Racoon (Northern raccoon)",0,"0","0","0",0,0
"4451","160253",2023-04-06,"Wild","Puma",0,"1","1","0",0,0
"4451","160253",2023-04-06,"Wild","Bottlenose dolphin",0,"0","0","0",0,0
"4451","160253",2023-04-06,"Wild","American Black Bear (black bear)",0,"0","0","0",0,0
"4451","160253",2023-04-06,"Wild","Brown bear (Grizzly Bear)",0,"0","0","0",0,0
"4451","160253",2023-04-06,"Wild","Red Fox",0,"1","1","0",0,0
"4451","160253",2023-04-06,"Wild","Amur Leopard",0,"0","0","0",0,0
"4451","160253",2023-04-06,"Wild","Fisher",0,"0","0","0",0,0
"4451","160253",2023-04-06,"Wild","North American river otter",0,"0","0","0",0,0
"4451","160253",2023-04-06,"Wild","American marten",0,"0","0","0",0,0
"4451","160368",2023-04-13,"Wild","Coyote",0,"0","0","0",0,0
"4451","160368",2023-04-13,"Domestic","Cats",0,"0","0","0",0,0
"4451","160368",2023-04-13,"Wild","Virginia Opossum",0,"0","0","0",0,0
"4451","160368",2023-04-13,"Wild","Domestic cat",0,"0","0","0",0,0
"4451","160368",2023-04-13,"Wild","Gray Seal",0,"0","0","0",0,0
"4451","160368",2023-04-13,"Wild","Bobcat",0,"0","0","0",0,0
"4451","160368",2023-04-13,"Wild","Striped Skunk",0,"1","1","0",0,0
"4451","160368",2023-04-13,"Wild","Tiger",0,"0","0","0",0,0
"4451","160368",2023-04-13,"Wild","Harbor Seal",0,"0","0","0",0,0
"4451","160368",2023-04-13,"Wild","Racoon (Northern raccoon)",0,"0","0","0",0,0
"4451","160368",2023-04-13,"Wild","Puma",0,"0","0","0",0,0
"4451","160368",2023-04-13,"Wild","Bottlenose dolphin",0,"0","0","0",0,0
"4451","160368",2023-04-13,"Wild","American Black Bear (black bear)",0,"0","0","0",0,0
"4451","160368",2023-04-13,"Wild","Brown bear (Grizzly Bear)",0,"0","0","0",0,0
"4451","160368",2023-04-13,"Wild","Red Fox",0,"4","1","3",0,0
"4451","160368",2023-04-13,"Wild","Amur Leopard",0,"0","0","0",0,0
"4451","160368",2023-04-13,"Wild","Fisher",0,"0","0","0",0,0
"4451","160368",2023-04-13,"Wild","North American river otter",0,"0","0","0",0,0
"4451","160368",2023-04-13,"Wild","American marten",0,"0","0","0",0,0
"4451","160484",2023-04-20,"Wild","Coyote",0,"0","0","0",0,0
"4451","160484",2023-04-20,"Domestic","Cats",0,"0","0","0",0,0
"4451","160484",2023-04-20,"Wild","Virginia Opossum",0,"0","0","0",0,0
"4451","160484",2023-04-20,"Wild","Domestic cat",0,"0","0","0",0,0
"4451","160484",2023-04-20,"Wild","Gray Seal",0,"0","0","0",0,0
"4451","160484",2023-04-20,"Wild","Bobcat",0,"0","0","0",0,0
"4451","160484",2023-04-20,"Wild","Striped Skunk",0,"2","0","2",0,0
"4451","160484",2023-04-20,"Wild","Tiger",0,"0","0","0",0,0
"4451","160484",2023-04-20,"Wild","Harbor Seal",0,"0","0","0",0,0
"4451","160484",2023-04-20,"Wild","Racoon (Northern raccoon)",0,"0","0","0",0,0
"4451","160484",2023-04-20,"Wild","Puma",0,"0","0","0",0,0
"4451","160484",2023-04-20,"Wild","Bottlenose dolphin",0,"0","0","0",0,0
"4451","160484",2023-04-20,"Wild","American Black Bear (black bear)",0,"0","0","0",0,0
"4451","160484",2023-04-20,"Wild","Brown bear (Grizzly Bear)",0,"0","0","0",0,0
"4451","160484",2023-04-20,"Wild","Red Fox",0,"5","5","0",0,0
"4451","160484",2023-04-20,"Wild","Amur Leopard",0,"0","0","0",0,0
"4451","160484",2023-04-20,"Wild","Fisher",0,"0","0","0",0,0
"4451","160484",2023-04-20,"Wild","North American river otter",0,"0","0","0",0,0
"4451","160484",2023-04-20,"Wild","American marten",0,"0","0","0",0,0
"4451","160568",2023-04-27,"Wild","Coyote",0,"0","0","0",0,0
"4451","160568",2023-04-27,"Domestic","Cats",0,"0","0","0",0,0
"4451","160568",2023-04-27,"Wild","Virginia Opossum",0,"1","1","0",0,0
"4451","160568",2023-04-27,"Wild","Domestic cat",0,"0","0","0",0,0
"4451","160568",2023-04-27,"Wild","Gray Seal",0,"0","0","0",0,0
"4451","160568",2023-04-27,"Wild","Bobcat",0,"0","0","0",0,0
"4451","160568",2023-04-27,"Wild","Striped Skunk",0,"0","0","0",0,0
"4451","160568",2023-04-27,"Wild","Tiger",0,"0","0","0",0,0
"4451","160568",2023-04-27,"Wild","Harbor Seal",0,"0","0","0",0,0
"4451","160568",2023-04-27,"Wild","Racoon (Northern raccoon)",0,"0","0","0",0,0
"4451","160568",2023-04-27,"Wild","Puma",0,"3","3","0",0,0
"4451","160568",2023-04-27,"Wild","Bottlenose dolphin",0,"0","0","0",0,0
"4451","160568",2023-04-27,"Wild","American Black Bear (black bear)",0,"0","0","0",0,0
"4451","160568",2023-04-27,"Wild","Brown bear (Grizzly Bear)",0,"0","0","0",0,0
"4451","160568",2023-04-27,"Wild","Red Fox",0,"3","3","0",0,0
"4451","160568",2023-04-27,"Wild","Amur Leopard",0,"0","0","0",0,0
"4451","160568",2023-04-27,"Wild","Fisher",0,"0","0","0",0,0
"4451","160568",2023-04-27,"Wild","North American river otter",0,"0","0","0",0,0
"4451","160568",2023-04-27,"Wild","American marten",0,"0","0","0",0,0
"4451","160695",2023-05-09,"Wild","Coyote",0,"0","0","0",0,0
"4451","160695",2023-05-09,"Domestic","Cats",0,"0","0","0",0,0
"4451","160695",2023-05-09,"Wild","Virginia Opossum",0,"0","0","0",0,0
"4451","160695",2023-05-09,"Wild","Domestic cat",0,"0","0","0",0,0
"4451","160695",2023-05-09,"Wild","Gray Seal",0,"0","0","0",0,0
"4451","160695",2023-05-09,"Wild","Bobcat",0,"0","0","0",0,0
"4451","160695",2023-05-09,"Wild","Striped Skunk",0,"1","1","0",0,0
"4451","160695",2023-05-09,"Wild","Tiger",0,"0","0","0",0,0
"4451","160695",2023-05-09,"Wild","Harbor Seal",0,"0","0","0",0,0
"4451","160695",2023-05-09,"Wild","Racoon (Northern raccoon)",0,"0","0","0",0,0
"4451","160695",2023-05-09,"Wild","Puma",0,"3","3","0",0,0
"4451","160695",2023-05-09,"Wild","Bottlenose dolphin",0,"0","0","0",0,0
"4451","160695",2023-05-09,"Wild","American Black Bear (black bear)",0,"0","0","0",0,0
"4451","160695",2023-05-09,"Wild","Brown bear (Grizzly Bear)",0,"0","0","0",0,0
"4451","160695",2023-05-09,"Wild","Red Fox",0,"2","2","0",0,0
"4451","160695",2023-05-09,"Wild","Amur Leopard",0,"0","0","0",0,0
"4451","160695",2023-05-09,"Wild","Fisher",0,"0","0","0",0,0
"4451","160695",2023-05-09,"Wild","North American river otter",0,"0","0","0",0,0
"4451","160695",2023-05-09,"Wild","American marten",0,"0","0","0",0,0
"4451","160924",2023-05-18,"Wild","Coyote",0,"0","0","0",0,0
"4451","160924",2023-05-18,"Domestic","Cats",0,"0","0","0",0,0
"4451","160924",2023-05-18,"Wild","Virginia Opossum",0,"0","0","0",0,0
"4451","160924",2023-05-18,"Wild","Domestic cat",0,"0","0","0",0,0
"4451","160924",2023-05-18,"Wild","Gray Seal",0,"0","0","0",0,0
"4451","160924",2023-05-18,"Wild","Bobcat",0,"0","0","0",0,0
"4451","160924",2023-05-18,"Wild","Striped Skunk",0,"1","1","0",0,0
"4451","160924",2023-05-18,"Wild","Tiger",0,"0","0","0",0,0
"4451","160924",2023-05-18,"Wild","Harbor Seal",0,"0","0","0",0,0
"4451","160924",2023-05-18,"Wild","Racoon (Northern raccoon)",0,"0","0","0",0,0
"4451","160924",2023-05-18,"Wild","Puma",0,"0","0","0",0,0
"4451","160924",2023-05-18,"Wild","Bottlenose dolphin",0,"0","0","0",0,0
"4451","160924",2023-05-18,"Wild","American Black Bear (black bear)",0,"0","0","0",0,0
"4451","160924",2023-05-18,"Wild","Brown bear (Grizzly Bear)",0,"0","0","0",0,0
"4451","160924",2023-05-18,"Wild","Red Fox",0,"5","5","0",0,0
"4451","160924",2023-05-18,"Wild","Amur Leopard",0,"0","0","0",0,0
"4451","160924",2023-05-18,"Wild","Fisher",0,"0","0","0",0,0
"4451","160924",2023-05-18,"Wild","North American river otter",0,"0","0","0",0,0
"4451","160924",2023-05-18,"Wild","American marten",0,"0","0","0",0,0
"4451","160983",2023-05-26,"Wild","Coyote",0,"0","0","0",0,0
"4451","160983",2023-05-26,"Domestic","Cats",0,"0","0","0",0,0
"4451","160983",2023-05-26,"Wild","Virginia Opossum",0,"0","0","0",0,0
"4451","160983",2023-05-26,"Wild","Domestic cat",0,"0","0","0",0,0
"4451","160983",2023-05-26,"Wild","Gray Seal",0,"0","0","0",0,0
"4451","160983",2023-05-26,"Wild","Bobcat",0,"0","0","0",0,0
"4451","160983",2023-05-26,"Wild","Striped Skunk",0,"0","0","0",0,0
"4451","160983",2023-05-26,"Wild","Tiger",0,"0","0","0",0,0
"4451","160983",2023-05-26,"Wild","Harbor Seal",0,"0","0","0",0,0
"4451","160983",2023-05-26,"Wild","Racoon (Northern raccoon)",0,"1","1","0",0,0
"4451","160983",2023-05-26,"Wild","Puma",0,"2","2","0",0,0
"4451","160983",2023-05-26,"Wild","Bottlenose dolphin",0,"0","0","0",0,0
"4451","160983",2023-05-26,"Wild","American Black Bear (black bear)",0,"1","0","1",0,0
"4451","160983",2023-05-26,"Wild","Brown bear (Grizzly Bear)",0,"0","0","0",0,0
"4451","160983",2023-05-26,"Wild","Red Fox",0,"1","1","0",0,0
"4451","160983",2023-05-26,"Wild","Amur Leopard",0,"0","0","0",0,0
"4451","160983",2023-05-26,"Wild","Fisher",0,"0","0","0",0,0
"4451","160983",2023-05-26,"Wild","North American river otter",0,"0","0","0",0,0
"4451","160983",2023-05-26,"Wild","American marten",0,"0","0","0",0,0
"4451","161168",2023-06-12,"Wild","Coyote",0,"0","0","0",0,0
"4451","161168",2023-06-12,"Domestic","Cats",0,"0","0","0",0,0
"4451","161168",2023-06-12,"Wild","Virginia Opossum",0,"0","0","0",0,0
"4451","161168",2023-06-12,"Wild","Domestic cat",0,"0","0","0",0,0
"4451","161168",2023-06-12,"Wild","Gray Seal",0,"0","0","0",0,0
"4451","161168",2023-06-12,"Wild","Bobcat",0,"0","0","0",0,0
"4451","161168",2023-06-12,"Wild","Striped Skunk",0,"0","0","0",0,0
"4451","161168",2023-06-12,"Wild","Tiger",0,"0","0","0",0,0
"4451","161168",2023-06-12,"Wild","Harbor Seal",0,"0","0","0",0,0
"4451","161168",2023-06-12,"Wild","Racoon (Northern raccoon)",0,"1","1","0",0,0
"4451","161168",2023-06-12,"Wild","Puma",0,"0","0","0",0,0
"4451","161168",2023-06-12,"Wild","Bottlenose dolphin",0,"0","0","0",0,0
"4451","161168",2023-06-12,"Wild","American Black Bear (black bear)",0,"0","0","0",0,0
"4451","161168",2023-06-12,"Wild","Brown bear (Grizzly Bear)",0,"0","0","0",0,0
"4451","161168",2023-06-12,"Wild","Red Fox",0,"0","0","0",0,0
"4451","161168",2023-06-12,"Wild","Amur Leopard",0,"0","0","0",0,0
"4451","161168",2023-06-12,"Wild","Fisher",0,"2","2","0",0,0
"4451","161168",2023-06-12,"Wild","North American river otter",0,"0","0","0",0,0
"4451","161168",2023-06-12,"Wild","American marten",0,"0","0","0",0,0
"4451","161361",2023-06-22,"Wild","Coyote",0,"0","0","0",0,0
"4451","161361",2023-06-22,"Domestic","Cats",0,"0","0","0",0,0
"4451","161361",2023-06-22,"Wild","Virginia Opossum",0,"0","0","0",0,0
"4451","161361",2023-06-22,"Wild","Domestic cat",0,"0","0","0",0,0
"4451","161361",2023-06-22,"Wild","Gray Seal",0,"0","0","0",0,0
"4451","161361",2023-06-22,"Wild","Bobcat",0,"0","0","0",0,0
"4451","161361",2023-06-22,"Wild","Striped Skunk",0,"0","0","0",0,0
"4451","161361",2023-06-22,"Wild","Tiger",0,"0","0","0",0,0
"4451","161361",2023-06-22,"Wild","Harbor Seal",0,"0","0","0",0,0
"4451","161361",2023-06-22,"Wild","Racoon (Northern raccoon)",0,"2","0","0",0,0
"4451","161361",2023-06-22,"Wild","Puma",0,"0","0","0",0,0
"4451","161361",2023-06-22,"Wild","Bottlenose dolphin",0,"0","0","0",0,0
"4451","161361",2023-06-22,"Wild","American Black Bear (black bear)",0,"0","0","0",0,0
"4451","161361",2023-06-22,"Wild","Brown bear (Grizzly Bear)",0,"0","0","0",0,0
"4451","161361",2023-06-22,"Wild","Red Fox",0,"2","1","0",0,0
"4451","161361",2023-06-22,"Wild","Amur Leopard",0,"0","0","0",0,0
"4451","161361",2023-06-22,"Wild","Fisher",0,"0","0","0",0,0
"4451","161361",2023-06-22,"Wild","North American river otter",0,"0","0","0",0,0
"4451","161361",2023-06-22,"Wild","American marten",0,"0","0","0",0,0
"4451","161631",2023-07-06,"Wild","Coyote",0,"0","0","0",0,0
"4451","161631",2023-07-06,"Domestic","Cats",0,"0","0","0",0,0
"4451","161631",2023-07-06,"Wild","Virginia Opossum",0,"0","0","0",0,0
"4451","161631",2023-07-06,"Wild","Domestic cat",0,"0","0","0",0,0
"4451","161631",2023-07-06,"Wild","Gray Seal",0,"0","0","0",0,0
"4451","161631",2023-07-06,"Wild","Bobcat",0,"0","0","0",0,0
"4451","161631",2023-07-06,"Wild","Striped Skunk",0,"0","0","0",0,0
"4451","161631",2023-07-06,"Wild","Tiger",0,"0","0","0",0,0
"4451","161631",2023-07-06,"Wild","Harbor Seal",0,"0","0","0",0,0
"4451","161631",2023-07-06,"Wild","Racoon (Northern raccoon)",0,"0","0","0",0,0
"4451","161631",2023-07-06,"Wild","Puma",0,"0","0","0",0,0
"4451","161631",2023-07-06,"Wild","Bottlenose dolphin",0,"0","0","0",0,0
"4451","161631",2023-07-06,"Wild","American Black Bear (black bear)",0,"0","0","0",0,0
"4451","161631",2023-07-06,"Wild","Brown bear (Grizzly Bear)",0,"0","0","0",0,0
"4451","161631",2023-07-06,"Wild","Red Fox",0,"2","0","0",0,0
"4451","161631",2023-07-06,"Wild","Amur Leopard",0,"0","0","0",0,0
"4451","161631",2023-07-06,"Wild","Fisher",0,"0","0","0",0,0
"4451","161631",2023-07-06,"Wild","North American river otter",0,"0","0","0",0,0
"4451","161631",2023-07-06,"Wild","American marten",0,"0","0","0",0,0
"4451","162192",2023-08-10,"Wild","Coyote",0,"0","0","0",0,0
"4451","162192",2023-08-10,"Domestic","Cats",0,"0","0","0",0,0
"4451","162192",2023-08-10,"Wild","Virginia Opossum",0,"0","0","0",0,0
"4451","162192",2023-08-10,"Wild","Domestic cat",0,"0","0","0",0,0
"4451","162192",2023-08-10,"Wild","Gray Seal",0,"0","0","0",0,0
"4451","162192",2023-08-10,"Wild","Bobcat",0,"0","0","0",0,0
"4451","162192",2023-08-10,"Wild","Striped Skunk",0,"0","0","0",0,0
"4451","162192",2023-08-10,"Wild","Tiger",0,"0","0","0",0,0
"4451","162192",2023-08-10,"Wild","Harbor Seal",0,"0","0","0",0,0
"4451","162192",2023-08-10,"Wild","Racoon (Northern raccoon)",0,"0","0","0",0,0
"4451","162192",2023-08-10,"Wild","Puma",0,"1","1","0",0,0
"4451","162192",2023-08-10,"Wild","Bottlenose dolphin",0,"0","0","0",0,0
"4451","162192",2023-08-10,"Wild","American Black Bear (black bear)",0,"0","0","0",0,0
"4451","162192",2023-08-10,"Wild","Brown bear (Grizzly Bear)",0,"0","0","0",0,0
"4451","162192",2023-08-10,"Wild","Red Fox",0,"0","0","0",0,0
"4451","162192",2023-08-10,"Wild","Amur Leopard",0,"0","0","0",0,0
"4451","162192",2023-08-10,"Wild","Fisher",0,"0","0","0",0,0
"4451","162192",2023-08-10,"Wild","North American river otter",0,"0","0","0",0,0
"4451","162192",2023-08-10,"Wild","American marten",0,"0","0","0",0,0
"4451","162659",2023-09-07,"Wild","Coyote",0,"0","0","0",0,0
"4451","162659",2023-09-07,"Domestic","Cats",0,"0","0","0",0,0
"4451","162659",2023-09-07,"Wild","Virginia Opossum",0,"0","0","0",0,0
"4451","162659",2023-09-07,"Wild","Domestic cat",0,"0","0","0",0,0
"4451","162659",2023-09-07,"Wild","Gray Seal",0,"0","0","0",0,0
"4451","162659",2023-09-07,"Wild","Bobcat",0,"0","0","0",0,0
"4451","162659",2023-09-07,"Wild","Striped Skunk",0,"0","0","0",0,0
"4451","162659",2023-09-07,"Wild","Tiger",0,"0","0","0",0,0
"4451","162659",2023-09-07,"Wild","Harbor Seal",0,"3","3","0",0,0
"4451","162659",2023-09-07,"Wild","Racoon (Northern raccoon)",0,"0","0","0",0,0
"4451","162659",2023-09-07,"Wild","Puma",0,"0","0","0",0,0
"4451","162659",2023-09-07,"Wild","Bottlenose dolphin",0,"0","0","0",0,0
"4451","162659",2023-09-07,"Wild","American Black Bear (black bear)",0,"0","0","0",0,0
"4451","162659",2023-09-07,"Wild","Brown bear (Grizzly Bear)",0,"0","0","0",0,0
"4451","162659",2023-09-07,"Wild","Red Fox",0,"0","0","0",0,0
"4451","162659",2023-09-07,"Wild","Amur Leopard",0,"0","0","0",0,0
"4451","162659",2023-09-07,"Wild","Fisher",0,"0","0","0",0,0
"4451","162659",2023-09-07,"Wild","North American river otter",0,"0","0","0",0,0
"4451","162659",2023-09-07,"Wild","American marten",0,"0","0","0",0,0
"4451","162832",2023-09-21,"Wild","Coyote",0,"0","0","0",0,0
"4451","162832",2023-09-21,"Domestic","Cats",0,"0","0","0",0,0
"4451","162832",2023-09-21,"Wild","Virginia Opossum",0,"0","0","0",0,0
"4451","162832",2023-09-21,"Wild","Domestic cat",0,"0","0","0",0,0
"4451","162832",2023-09-21,"Wild","Gray Seal",0,"0","0","0",0,0
"4451","162832",2023-09-21,"Wild","Bobcat",0,"0","0","0",0,0
"4451","162832",2023-09-21,"Wild","Striped Skunk",0,"0","0","0",0,0
"4451","162832",2023-09-21,"Wild","Tiger",0,"0","0","0",0,0
"4451","162832",2023-09-21,"Wild","Harbor Seal",0,"2","2","0",0,0
"4451","162832",2023-09-21,"Wild","Racoon (Northern raccoon)",0,"0","0","0",0,0
"4451","162832",2023-09-21,"Wild","Puma",0,"0","0","0",0,0
"4451","162832",2023-09-21,"Wild","Bottlenose dolphin",0,"0","0","0",0,0
"4451","162832",2023-09-21,"Wild","American Black Bear (black bear)",0,"0","0","0",0,0
"4451","162832",2023-09-21,"Wild","Brown bear (Grizzly Bear)",0,"0","0","0",0,0
"4451","162832",2023-09-21,"Wild","Red Fox",0,"0","0","0",0,0
"4451","162832",2023-09-21,"Wild","Amur Leopard",0,"0","0","0",0,0
"4451","162832",2023-09-21,"Wild","Fisher",0,"0","0","0",0,0
"4451","162832",2023-09-21,"Wild","North American river otter",0,"0","0","0",0,0
"4451","162832",2023-09-21,"Wild","American marten",0,"0","0","0",0,0
"4451","164174",2023-12-05,"Wild","Coyote",0,"0","0","0",0,0
"4451","164174",2023-12-05,"Domestic","Cats",0,"0","0","0",0,0
"4451","164174",2023-12-05,"Wild","Virginia Opossum",0,"0","0","0",0,0
"4451","164174",2023-12-05,"Wild","Domestic cat",0,"4","0","1",0,0
"4451","164174",2023-12-05,"Wild","Gray Seal",0,"0","0","0",0,0
"4451","164174",2023-12-05,"Wild","Bobcat",0,"0","0","0",0,0
"4451","164174",2023-12-05,"Wild","Striped Skunk",0,"0","0","0",0,0
"4451","164174",2023-12-05,"Wild","Tiger",0,"0","0","0",0,0
"4451","164174",2023-12-05,"Wild","Harbor Seal",0,"0","0","0",0,0
"4451","164174",2023-12-05,"Wild","Racoon (Northern raccoon)",0,"0","0","0",0,0
"4451","164174",2023-12-05,"Wild","Puma",0,"0","0","0",0,0
"4451","164174",2023-12-05,"Wild","Bottlenose dolphin",0,"0","0","0",0,0
"4451","164174",2023-12-05,"Wild","American Black Bear (black bear)",0,"0","0","0",0,0
"4451","164174",2023-12-05,"Wild","Brown bear (Grizzly Bear)",0,"0","0","0",0,0
"4451","164174",2023-12-05,"Wild","Red Fox",0,"0","0","0",0,0
"4451","164174",2023-12-05,"Wild","Amur Leopard",0,"0","0","0",0,0
"4451","164174",2023-12-05,"Wild","Fisher",0,"0","0","0",0,0
"4451","164174",2023-12-05,"Wild","North American river otter",0,"0","0","0",0,0
"4451","164174",2023-12-05,"Wild","American marten",0,"0","0","0",0,0
"4451","164340",2023-12-19,"Wild","Coyote",0,"0","0","0",0,0
"4451","164340",2023-12-19,"Domestic","Cats",0,"0","0","0",0,0
"4451","164340",2023-12-19,"Wild","Virginia Opossum",0,"0","0","0",0,0
"4451","164340",2023-12-19,"Wild","Domestic cat",0,"0","0","0",0,0
"4451","164340",2023-12-19,"Wild","Gray Seal",0,"0","0","0",0,0
"4451","164340",2023-12-19,"Wild","Bobcat",0,"0","0","0",0,0
"4451","164340",2023-12-19,"Wild","Striped Skunk",0,"0","0","0",0,0
"4451","164340",2023-12-19,"Wild","Tiger",0,"0","0","0",0,0
"4451","164340",2023-12-19,"Wild","Harbor Seal",0,"0","0","0",0,0
"4451","164340",2023-12-19,"Wild","Racoon (Northern raccoon)",0,"0","0","0",0,0
"4451","164340",2023-12-19,"Wild","Puma",0,"0","0","0",0,0
"4451","164340",2023-12-19,"Wild","Bottlenose dolphin",0,"0","0","0",0,0
"4451","164340",2023-12-19,"Wild","American Black Bear (black bear)",0,"0","0","0",0,0
"4451","164340",2023-12-19,"Wild","Brown bear (Grizzly Bear)",0,"0","0","0",0,0
"4451","164340",2023-12-19,"Wild","Polar Bear",0,"0","1","0",0,0
"4451","164340",2023-12-19,"Wild","Red Fox",0,"0","0","0",0,0
"4451","164340",2023-12-19,"Wild","Amur Leopard",0,"0","0","0",0,0
"4451","164340",2023-12-19,"Wild","Fisher",0,"0","0","0",0,0
"4451","164340",2023-12-19,"Wild","North American river otter",0,"0","0","0",0,0
"4451","164340",2023-12-19,"Wild","American marten",0,"0","0","0",0,0
"4451","164340",2023-12-19,"Wild","Abert's squirrel",0,"1","0","0",0,0
"4451","165541",2024-02-08,"Wild","Coyote",0,"0","0","0",0,0
"4451","165541",2024-02-08,"Domestic","Cats",0,"0","0","0",0,0
"4451","165541",2024-02-08,"Wild","Virginia Opossum",0,"0","0","0",0,0
"4451","165541",2024-02-08,"Wild","Domestic cat",0,"0","0","0",0,0
"4451","165541",2024-02-08,"Wild","Gray Seal",0,"0","0","0",0,0
"4451","165541",2024-02-08,"Wild","Bobcat",0,"0","0","0",0,0
"4451","165541",2024-02-08,"Wild","Striped Skunk",0,"0","0","0",0,0
"4451","165541",2024-02-08,"Wild","Tiger",0,"0","0","0",0,0
"4451","165541",2024-02-08,"Wild","Harbor Seal",0,"0","0","0",0,0
"4451","165541",2024-02-08,"Wild","Racoon (Northern raccoon)",0,"1","0","0",0,0
"4451","165541",2024-02-08,"Wild","Puma",0,"0","0","0",0,0
"4451","165541",2024-02-08,"Wild","Bottlenose dolphin",0,"0","0","0",0,0
"4451","165541",2024-02-08,"Wild","American Black Bear (black bear)",0,"0","0","0",0,0
"4451","165541",2024-02-08,"Wild","Brown bear (Grizzly Bear)",0,"0","0","0",0,0
"4451","165541",2024-02-08,"Wild","Polar Bear",0,"0","0","0",0,0
"4451","165541",2024-02-08,"Wild","Red Fox",0,"0","0","0",0,0
"4451","165541",2024-02-08,"Wild","Amur Leopard",0,"0","0","0",0,0
"4451","165541",2024-02-08,"Wild","Fisher",0,"0","0","0",0,0
"4451","165541",2024-02-08,"Wild","North American river otter",0,"0","0","0",0,0
"4451","165541",2024-02-08,"Wild","American marten",0,"0","0","0",0,0
"4451","165541",2024-02-08,"Wild","Abert's squirrel",0,"0","0","0",0,0
"4451","165752",2024-02-15,"Wild","Coyote",0,"0","0","0",0,0
"4451","165752",2024-02-15,"Domestic","Cats",0,"2","0","0",0,0
"4451","165752",2024-02-15,"Wild","Virginia Opossum",0,"0","0","0",0,0
"4451","165752",2024-02-15,"Wild","Domestic cat",0,"1","0","0",0,0
"4451","165752",2024-02-15,"Wild","Gray Seal",0,"0","0","0",0,0
"4451","165752",2024-02-15,"Wild","Bobcat",0,"0","0","0",0,0
"4451","165752",2024-02-15,"Wild","Striped Skunk",0,"0","0","0",0,0
"4451","165752",2024-02-15,"Wild","Tiger",0,"0","0","0",0,0
"4451","165752",2024-02-15,"Wild","Harbor Seal",0,"0","0","0",0,0
"4451","165752",2024-02-15,"Wild","Racoon (Northern raccoon)",0,"0","0","0",0,0
"4451","165752",2024-02-15,"Wild","Puma",0,"0","0","0",0,0
"4451","165752",2024-02-15,"Wild","Bottlenose dolphin",0,"0","0","0",0,0
"4451","165752",2024-02-15,"Wild","American Black Bear (black bear)",0,"0","0","0",0,0
"4451","165752",2024-02-15,"Wild","Brown bear (Grizzly Bear)",0,"0","0","0",0,0
"4451","165752",2024-02-15,"Wild","Polar Bear",0,"0","0","0",0,0
"4451","165752",2024-02-15,"Wild","Red Fox",0,"0","0","0",0,0
"4451","165752",2024-02-15,"Wild","Amur Leopard",0,"0","0","0",0,0
"4451","165752",2024-02-15,"Wild","Fisher",0,"0","0","0",0,0
"4451","165752",2024-02-15,"Wild","North American river otter",0,"0","0","0",0,0
"4451","165752",2024-02-15,"Wild","American marten",0,"0","0","0",0,0
"4451","165752",2024-02-15,"Wild","Abert's squirrel",0,"0","0","0",0,0
"4451","166298",2024-03-07,"Wild","Coyote",0,"0","0","0",0,0
"4451","166298",2024-03-07,"Domestic","Cats",0,"0","0","0",0,0
"4451","166298",2024-03-07,"Wild","Virginia Opossum",0,"0","0","0",0,0
"4451","166298",2024-03-07,"Wild","Domestic cat",0,"0","0","0",0,0
"4451","166298",2024-03-07,"Wild","Gray Seal",0,"0","0","0",0,0
"4451","166298",2024-03-07,"Wild","Bobcat",0,"0","0","0",0,0
"4451","166298",2024-03-07,"Wild","Striped Skunk",0,"3","0","0",0,0
"4451","166298",2024-03-07,"Wild","Tiger",0,"0","0","0",0,0
"4451","166298",2024-03-07,"Wild","Harbor Seal",0,"0","0","0",0,0
"4451","166298",2024-03-07,"Wild","Racoon (Northern raccoon)",0,"0","0","0",0,0
"4451","166298",2024-03-07,"Wild","Puma",0,"1","0","0",0,0
"4451","166298",2024-03-07,"Wild","Bottlenose dolphin",0,"0","0","0",0,0
"4451","166298",2024-03-07,"Wild","American Black Bear (black bear)",0,"0","0","0",0,0
"4451","166298",2024-03-07,"Wild","Brown bear (Grizzly Bear)",0,"0","0","0",0,0
"4451","166298",2024-03-07,"Wild","Polar Bear",0,"0","0","0",0,0
"4451","166298",2024-03-07,"Wild","Red Fox",0,"0","0","0",0,0
"4451","166298",2024-03-07,"Wild","Amur Leopard",0,"0","0","0",0,0
"4451","166298",2024-03-07,"Wild","Fisher",0,"0","0","0",0,0
"4451","166298",2024-03-07,"Wild","North American river otter",0,"0","0","0",0,0
"4451","166298",2024-03-07,"Wild","American marten",0,"0","0","0",0,0
"4451","166298",2024-03-07,"Wild","Abert's squirrel",0,"0","0","0",0,0
"4451","166488",2024-03-18,"Wild","Coyote",0,"0","0","0",0,0
"4451","166488",2024-03-18,"Domestic","Cats",0,"0","0","0",0,0
"4451","166488",2024-03-18,"Wild","Virginia Opossum",0,"0","0","0",0,0
"4451","166488",2024-03-18,"Wild","Domestic cat",0,"0","0","0",0,0
"4451","166488",2024-03-18,"Domestic","Goats",165,"5","5","0",0,0
"4451","166488",2024-03-18,"Wild","Gray Seal",0,"0","0","0",0,0
"4451","166488",2024-03-18,"Wild","Bobcat",0,"0","0","0",0,0
"4451","166488",2024-03-18,"Wild","Striped Skunk",0,"1","3","1",0,0
"4451","166488",2024-03-18,"Wild","Tiger",0,"0","0","0",0,0
"4451","166488",2024-03-18,"Wild","Harbor Seal",0,"0","0","0",0,0
"4451","166488",2024-03-18,"Wild","Racoon (Northern raccoon)",0,"0","0","0",0,0
"4451","166488",2024-03-18,"Wild","Puma",0,"0","1","0",0,0
"4451","166488",2024-03-18,"Wild","Bottlenose dolphin",0,"0","0","0",0,0
"4451","166488",2024-03-18,"Wild","American Black Bear (black bear)",0,"0","0","0",0,0
"4451","166488",2024-03-18,"Wild","Brown bear (Grizzly Bear)",0,"0","0","0",0,0
"4451","166488",2024-03-18,"Wild","Polar Bear",0,"0","0","0",0,0
"4451","166488",2024-03-18,"Wild","Red Fox",0,"0","0","0",0,0
"4451","166488",2024-03-18,"Wild","Amur Leopard",0,"0","0","0",0,0
"4451","166488",2024-03-18,"Wild","Fisher",0,"0","0","0",0,0
"4451","166488",2024-03-18,"Wild","North American river otter",0,"0","0","0",0,0
"4451","166488",2024-03-18,"Wild","American marten",0,"0","0","0",0,0
"4451","166488",2024-03-18,"Wild","Abert's squirrel",0,"0","0","0",0,0
"4451","166639",2024-03-26,"Wild","Coyote",0,"0","0","0",0,0
"4451","166639",2024-03-26,"Domestic","Cats",0,"0","0","0",0,0
"4451","166639",2024-03-26,"Wild","Virginia Opossum",0,"0","0","0",0,0
"4451","166639",2024-03-26,"Wild","Domestic cat",0,"0","0","0",0,0
"4451","166639",2024-03-26,"Domestic","Goats",0,"0","0","0",0,0
"4451","166639",2024-03-26,"Wild","Gray Seal",0,"0","0","0",0,0
"4451","166639",2024-03-26,"Wild","Bobcat",0,"0","0","0",0,0
"4451","166639",2024-03-26,"Wild","Striped Skunk",0,"0","0","0",0,0
"4451","166639",2024-03-26,"Wild","Tiger",0,"0","0","0",0,0
"4451","166639",2024-03-26,"Wild","Harbor Seal",0,"0","0","0",0,0
"4451","166639",2024-03-26,"Wild","Racoon (Northern raccoon)",0,"0","0","0",0,0
"4451","166639",2024-03-26,"Wild","Puma",0,"0","0","0",0,0
"4451","166639",2024-03-26,"Wild","Bottlenose dolphin",0,"0","0","0",0,0
"4451","166639",2024-03-26,"Wild","American Black Bear (black bear)",0,"0","0","0",0,0
"4451","166639",2024-03-26,"Wild","Brown bear (Grizzly Bear)",0,"0","0","0",0,0
"4451","166639",2024-03-26,"Wild","Polar Bear",0,"0","0","0",0,0
"4451","166639",2024-03-26,"Wild","Red Fox",0,"0","0","0",0,0
"4451","166639",2024-03-26,"Wild","Amur Leopard",0,"0","0","0",0,0
"4451","166639",2024-03-26,"Wild","Fisher",0,"0","0","0",0,0
"4451","166639",2024-03-26,"Wild","North American river otter",0,"0","0","0",0,0
"4451","166639",2024-03-26,"Wild","American marten",0,"0","0","0",0,0
"4451","166639",2024-03-26,"Wild","Abert's squirrel",0,"0","0","0",0,0
"4451","166639",2024-03-26,"Domestic","Bovine",0,"9","0","0",0,0
"4451","166720",2024-04-05,"Wild","Coyote",0,"0","0","0",0,0
"4451","166720",2024-04-05,"Domestic","Cats",0,"0","0","0",0,0
"4451","166720",2024-04-05,"Wild","Virginia Opossum",0,"0","0","0",0,0
"4451","166720",2024-04-05,"Wild","Domestic cat",0,"0","0","0",0,0
"4451","166720",2024-04-05,"Domestic","Goats",0,"0","0","0",0,0
"4451","166720",2024-04-05,"Wild","Gray Seal",0,"0","0","0",0,0
"4451","166720",2024-04-05,"Wild","Bobcat",0,"1","1","0",0,0
"4451","166720",2024-04-05,"Wild","Striped Skunk",0,"0","0","0",0,0
"4451","166720",2024-04-05,"Wild","Tiger",0,"0","0","0",0,0
"4451","166720",2024-04-05,"Wild","Harbor Seal",0,"0","0","0",0,0
"4451","166720",2024-04-05,"Wild","Racoon (Northern raccoon)",0,"0","0","0",0,0
"4451","166720",2024-04-05,"Wild","Puma",0,"0","0","0",0,0
"4451","166720",2024-04-05,"Wild","Bottlenose dolphin",0,"0","0","0",0,0
"4451","166720",2024-04-05,"Wild","American Black Bear (black bear)",0,"0","0","0",0,0
"4451","166720",2024-04-05,"Wild","Brown bear (Grizzly Bear)",0,"0","0","0",0,0
"4451","166720",2024-04-05,"Wild","Polar Bear",0,"0","0","0",0,0
"4451","166720",2024-04-05,"Wild","Red Fox",0,"0","0","0",0,0
"4451","166720",2024-04-05,"Wild","Amur Leopard",0,"0","0","0",0,0
"4451","166720",2024-04-05,"Wild","Fisher",0,"0","0","0",0,0
"4451","166720",2024-04-05,"Wild","North American river otter",0,"0","0","0",0,0
"4451","166720",2024-04-05,"Wild","American marten",0,"0","0","0",0,0
"4451","166720",2024-04-05,"Wild","Abert's squirrel",0,"0","0","0",0,0
"4451","166720",2024-04-05,"Domestic","Bovine",0,"0","0","0",0,0
"4451","166872",2024-04-11,"Wild","Coyote",0,"0","0","0",0,0
"4451","166872",2024-04-11,"Domestic","Cats",0,"0","0","0",0,0
"4451","166872",2024-04-11,"Wild","Virginia Opossum",0,"0","0","0",0,0
"4451","166872",2024-04-11,"Wild","Domestic cat",0,"0","0","0",0,0
"4451","166872",2024-04-11,"Domestic","Goats",0,"0","0","0",0,0
"4451","166872",2024-04-11,"Wild","Gray Seal",0,"0","0","0",0,0
"4451","166872",2024-04-11,"Wild","Bobcat",0,"0","0","0",0,0
"4451","166872",2024-04-11,"Wild","Striped Skunk",0,"0","0","0",0,0
"4451","166872",2024-04-11,"Wild","American Mink",0,"1","0","0",0,0
"4451","166872",2024-04-11,"Wild","Tiger",0,"0","0","0",0,0
"4451","166872",2024-04-11,"Wild","Harbor Seal",0,"0","0","0",0,0
"4451","166872",2024-04-11,"Wild","Racoon (Northern raccoon)",0,"1","0","0",0,0
"4451","166872",2024-04-11,"Wild","Puma",0,"0","0","0",0,0
"4451","166872",2024-04-11,"Wild","Bottlenose dolphin",0,"0","0","0",0,0
"4451","166872",2024-04-11,"Wild","American Black Bear (black bear)",0,"0","0","0",0,0
"4451","166872",2024-04-11,"Wild","Brown bear (Grizzly Bear)",0,"0","0","0",0,0
"4451","166872",2024-04-11,"Wild","Polar Bear",0,"0","0","0",0,0
"4451","166872",2024-04-11,"Wild","Red Fox",0,"1","0","0",0,0
"4451","166872",2024-04-11,"Wild","Amur Leopard",0,"0","0","0",0,0
"4451","166872",2024-04-11,"Wild","Fisher",0,"0","0","0",0,0
"4451","166872",2024-04-11,"Wild","North American river otter",0,"0","0","0",0,0
"4451","166872",2024-04-11,"Wild","American marten",0,"0","0","0",0,0
"4451","166872",2024-04-11,"Wild","Abert's squirrel",0,"0","0","0",0,0
"4451","166872",2024-04-11,"Domestic","Bovine",0,"0","0","0",0,0
"4451","167004",2024-04-19,"Wild","Coyote",0,"0","0","0",0,0
"4451","167004",2024-04-19,"Domestic","Cats",0,"0","0","0",0,0
"4451","167004",2024-04-19,"Wild","Virginia Opossum",0,"0","0","0",0,0
"4451","167004",2024-04-19,"Wild","Domestic cat",0,"0","0","0",0,0
"4451","167004",2024-04-19,"Domestic","Goats",0,"0","0","0",0,0
"4451","167004",2024-04-19,"Wild","Gray Seal",0,"0","0","0",0,0
"4451","167004",2024-04-19,"Wild","Bobcat",0,"0","0","0",0,0
"4451","167004",2024-04-19,"Wild","Striped Skunk",0,"0","0","0",0,0
"4451","167004",2024-04-19,"Wild","American Mink",0,"0","0","0",0,0
"4451","167004",2024-04-19,"Wild","Tiger",0,"0","0","0",0,0
"4451","167004",2024-04-19,"Wild","Harbor Seal",0,"0","0","0",0,0
"4451","167004",2024-04-19,"Wild","Racoon (Northern raccoon)",0,"1","0","0",0,0
"4451","167004",2024-04-19,"Wild","Puma",0,"0","0","0",0,0
"4451","167004",2024-04-19,"Wild","Bottlenose dolphin",0,"0","0","0",0,0
"4451","167004",2024-04-19,"Wild","American Black Bear (black bear)",0,"0","0","0",0,0
"4451","167004",2024-04-19,"Wild","Brown bear (Grizzly Bear)",0,"0","0","0",0,0
"4451","167004",2024-04-19,"Wild","Polar Bear",0,"0","0","0",0,0
"4451","167004",2024-04-19,"Wild","Red Fox",0,"0","0","0",0,0
"4451","167004",2024-04-19,"Wild","Amur Leopard",0,"0","0","0",0,0
"4451","167004",2024-04-19,"Wild","Fisher",0,"0","0","0",0,0
"4451","167004",2024-04-19,"Wild","North American river otter",0,"0","0","0",0,0
"4451","167004",2024-04-19,"Wild","American marten",0,"0","0","0",0,0
"4451","167004",2024-04-19,"Wild","Abert's squirrel",0,"0","0","0",0,0
"4451","167004",2024-04-19,"Domestic","Bovine",0,"0","0","0",0,0
"4451","167043",2024-04-26,"Wild","Coyote",0,"0","0","0",0,0
"4451","167043",2024-04-26,"Domestic","Cats",0,"0","0","0",0,0
"4451","167043",2024-04-26,"Wild","Virginia Opossum",0,"0","0","0",0,0
"4451","167043",2024-04-26,"Wild","Domestic cat",0,"0","0","0",0,0
"4451","167043",2024-04-26,"Domestic","Goats",0,"0","0","0",0,0
"4451","167043",2024-04-26,"Wild","Gray Seal",0,"0","0","0",0,0
"4451","167043",2024-04-26,"Wild","Bobcat",0,"1","0","0",0,0
"4451","167043",2024-04-26,"Wild","Mephitidae (unidentified)",0,"1","0","0",0,0
"4451","167043",2024-04-26,"Wild","Striped Skunk",0,"0","0","0",0,0
"4451","167043",2024-04-26,"Wild","American Mink",0,"0","0","0",0,0
"4451","167043",2024-04-26,"Wild","Tiger",0,"0","0","0",0,0
"4451","167043",2024-04-26,"Wild","Harbor Seal",0,"0","0","0",0,0
"4451","167043",2024-04-26,"Wild","Racoon (Northern raccoon)",0,"0","0","0",0,0
"4451","167043",2024-04-26,"Wild","Puma",0,"0","0","0",0,0
"4451","167043",2024-04-26,"Wild","Bottlenose dolphin",0,"0","0","0",0,0
"4451","167043",2024-04-26,"Wild","American Black Bear (black bear)",0,"0","0","0",0,0
"4451","167043",2024-04-26,"Wild","Brown bear (Grizzly Bear)",0,"0","0","0",0,0
"4451","167043",2024-04-26,"Wild","Polar Bear",0,"0","0","0",0,0
"4451","167043",2024-04-26,"Wild","Red Fox",0,"0","0","0",0,0
"4451","167043",2024-04-26,"Wild","Amur Leopard",0,"0","0","0",0,0
"4451","167043",2024-04-26,"Wild","Fisher",0,"0","0","0",0,0
"4451","167043",2024-04-26,"Wild","North American river otter",0,"0","0","0",0,0
"4451","167043",2024-04-26,"Wild","American marten",0,"0","0","0",0,0
"4451","167043",2024-04-26,"Wild","Abert's squirrel",0,"0","0","0",0,0
"4451","167043",2024-04-26,"Domestic","Bovine",0,"0","0","0",0,0
"4451","167202",2024-05-03,"Wild","Coyote",0,"0","0","0",0,0
"4451","167202",2024-05-03,"Domestic","Cats",0,"1","0","0",0,0
"4451","167202",2024-05-03,"Wild","Virginia Opossum",0,"0","0","0",0,0
"4451","167202",2024-05-03,"Wild","Domestic cat",0,"0","0","0",0,0
"4451","167202",2024-05-03,"Domestic","Goats",0,"0","0","0",0,0
"4451","167202",2024-05-03,"Wild","Gray Seal",0,"0","0","0",0,0
"4451","167202",2024-05-03,"Wild","Bobcat",0,"1","0","0",0,0
"4451","167202",2024-05-03,"Wild","Mephitidae (unidentified)",0,"0","0","0",0,0
"4451","167202",2024-05-03,"Wild","Striped Skunk",0,"0","0","0",0,0
"4451","167202",2024-05-03,"Wild","American Mink",0,"0","0","0",0,0
"4451","167202",2024-05-03,"Wild","Tiger",0,"0","0","0",0,0
"4451","167202",2024-05-03,"Wild","Harbor Seal",0,"0","0","0",0,0
"4451","167202",2024-05-03,"Wild","Racoon (Northern raccoon)",0,"0","0","0",0,0
"4451","167202",2024-05-03,"Wild","Puma",0,"0","0","0",0,0
"4451","167202",2024-05-03,"Wild","Bottlenose dolphin",0,"0","0","0",0,0
"4451","167202",2024-05-03,"Wild","American Black Bear (black bear)",0,"0","0","0",0,0
"4451","167202",2024-05-03,"Wild","Brown bear (Grizzly Bear)",0,"0","0","0",0,0
"4451","167202",2024-05-03,"Wild","Polar Bear",0,"0","0","0",0,0
"4451","167202",2024-05-03,"Wild","Red Fox",0,"0","0","0",0,0
"4451","167202",2024-05-03,"Wild","Amur Leopard",0,"0","0","0",0,0
"4451","167202",2024-05-03,"Wild","Fisher",0,"0","0","0",0,0
"4451","167202",2024-05-03,"Wild","North American river otter",0,"0","0","0",0,0
"4451","167202",2024-05-03,"Wild","American marten",0,"0","0","0",0,0
"4451","167202",2024-05-03,"Wild","Abert's squirrel",0,"0","0","0",0,0
"4451","167202",2024-05-03,"Domestic","Bovine",0,"0","0","0",0,0
"4451","167248",2024-05-10,"Wild","Coyote",0,"0","0","0",0,0
"4451","167248",2024-05-10,"Domestic","Cats",0,"0","0","0",0,0
"4451","167248",2024-05-10,"Wild","Virginia Opossum",0,"2","0","0",0,0
"4451","167248",2024-05-10,"Wild","Domestic cat",0,"0","0","0",0,0
"4451","167248",2024-05-10,"Domestic","Goats",0,"0","0","0",0,0
"4451","167248",2024-05-10,"Wild","Gray Seal",0,"0","0","0",0,0
"4451","167248",2024-05-10,"Wild","Bobcat",0,"0","0","0",0,0
"4451","167248",2024-05-10,"Wild","Mephitidae (unidentified)",0,"0","0","0",0,0
"4451","167248",2024-05-10,"Wild","Striped Skunk",0,"0","0","0",0,0
"4451","167248",2024-05-10,"Wild","American Mink",0,"0","0","0",0,0
"4451","167248",2024-05-10,"Wild","Tiger",0,"0","0","0",0,0
"4451","167248",2024-05-10,"Wild","Harbor Seal",0,"0","0","0",0,0
"4451","167248",2024-05-10,"Wild","Racoon (Northern raccoon)",0,"0","0","0",0,0
"4451","167248",2024-05-10,"Wild","Puma",0,"0","0","0",0,0
"4451","167248",2024-05-10,"Wild","Bottlenose dolphin",0,"0","0","0",0,0
"4451","167248",2024-05-10,"Wild","American Black Bear (black bear)",0,"0","0","0",0,0
"4451","167248",2024-05-10,"Wild","Brown bear (Grizzly Bear)",0,"0","0","0",0,0
"4451","167248",2024-05-10,"Wild","Polar Bear",0,"0","0","0",0,0
"4451","167248",2024-05-10,"Wild","Red Fox",0,"6","5","0",0,0
"4451","167248",2024-05-10,"Wild","Amur Leopard",0,"0","0","0",0,0
"4451","167248",2024-05-10,"Wild","Fisher",0,"0","0","0",0,0
"4451","167248",2024-05-10,"Wild","North American river otter",0,"0","0","0",0,0
"4451","167248",2024-05-10,"Wild","American marten",0,"0","0","0",0,0
"4451","167248",2024-05-10,"Wild","Abert's squirrel",0,"0","0","0",0,0
"4451","167248",2024-05-10,"Domestic","Bovine",0,"0","0","0",0,0
"4451","167338",2024-05-17,"Wild","Coyote",0,"0","0","0",0,0
"4451","167338",2024-05-17,"Domestic","Cats",0,"2","0","0",0,0
"4451","167338",2024-05-17,"Wild","Virginia Opossum",0,"0","0","0",0,0
"4451","167338",2024-05-17,"Wild","Domestic cat",0,"0","0","0",0,0
"4451","167338",2024-05-17,"Domestic","Goats",0,"0","0","0",0,0
"4451","167338",2024-05-17,"Wild","Gray Seal",0,"0","0","0",0,0
"4451","167338",2024-05-17,"Wild","Bobcat",0,"0","0","0",0,0
"4451","167338",2024-05-17,"Wild","Mephitidae (unidentified)",0,"0","0","0",0,0
"4451","167338",2024-05-17,"Wild","Striped Skunk",0,"0","0","0",0,0
"4451","167338",2024-05-17,"Wild","American Mink",0,"0","0","0",0,0
"4451","167338",2024-05-17,"Wild","Tiger",0,"0","0","0",0,0
"4451","167338",2024-05-17,"Wild","Harbor Seal",0,"0","0","0",0,0
"4451","167338",2024-05-17,"Wild","Racoon (Northern raccoon)",0,"0","0","0",0,0
"4451","167338",2024-05-17,"Wild","Puma",0,"0","0","0",0,0
"4451","167338",2024-05-17,"Wild","Bottlenose dolphin",0,"0","0","0",0,0
"4451","167338",2024-05-17,"Wild","American Black Bear (black bear)",0,"0","0","0",0,0
"4451","167338",2024-05-17,"Wild","Brown bear (Grizzly Bear)",0,"0","0","0",0,0
"4451","167338",2024-05-17,"Wild","Polar Bear",0,"0","0","0",0,0
"4451","167338",2024-05-17,"Wild","Red Fox",0,"0","0","0",0,0
"4451","167338",2024-05-17,"Wild","Amur Leopard",0,"0","0","0",0,0
"4451","167338",2024-05-17,"Wild","Fisher",0,"0","0","0",0,0
"4451","167338",2024-05-17,"Wild","North American river otter",0,"0","0","0",0,0
"4451","167338",2024-05-17,"Wild","American marten",0,"0","0","0",0,0
"4451","167338",2024-05-17,"Wild","Abert's squirrel",0,"0","0","0",0,0
"4451","167338",2024-05-17,"Domestic","Bovine",0,"0","0","0",0,0
"4451","167413",2024-05-24,"Domestic","Camelidae",18,"4","0","0",0,0
"4451","167413",2024-05-24,"Wild","Coyote",0,"0","0","0",0,0
"4451","167413",2024-05-24,"Domestic","Cats",0,"0","0","0",0,0
"4451","167413",2024-05-24,"Wild","Virginia Opossum",0,"0","0","0",0,0
"4451","167413",2024-05-24,"Wild","Domestic cat",0,"4","4","0",0,0
"4451","167413",2024-05-24,"Domestic","Goats",0,"0","0","0",0,0
"4451","167413",2024-05-24,"Wild","Gray Seal",0,"0","0","0",0,0
"4451","167413",2024-05-24,"Wild","Bobcat",0,"0","0","0",0,0
"4451","167413",2024-05-24,"Wild","Mephitidae (unidentified)",0,"0","0","0",0,0
"4451","167413",2024-05-24,"Wild","Striped Skunk",0,"0","0","0",0,0
"4451","167413",2024-05-24,"Wild","American Mink",0,"0","0","0",0,0
"4451","167413",2024-05-24,"Wild","Tiger",0,"0","0","0",0,0
"4451","167413",2024-05-24,"Wild","Harbor Seal",0,"0","0","0",0,0
"4451","167413",2024-05-24,"Wild","Racoon (Northern raccoon)",0,"0","0","0",0,0
"4451","167413",2024-05-24,"Wild","Puma",0,"0","0","0",0,0
"4451","167413",2024-05-24,"Wild","Bottlenose dolphin",0,"0","0","0",0,0
"4451","167413",2024-05-24,"Wild","American Black Bear (black bear)",0,"0","0","0",0,0
"4451","167413",2024-05-24,"Wild","Brown bear (Grizzly Bear)",0,"0","0","0",0,0
"4451","167413",2024-05-24,"Wild","Polar Bear",0,"0","0","0",0,0
"4451","167413",2024-05-24,"Wild","Red Fox",0,"0","0","0",0,0
"4451","167413",2024-05-24,"Wild","Amur Leopard",0,"0","0","0",0,0
"4451","167413",2024-05-24,"Wild","Fisher",0,"0","0","0",0,0
"4451","167413",2024-05-24,"Wild","North American river otter",0,"0","0","0",0,0
"4451","167413",2024-05-24,"Wild","American marten",0,"0","0","0",0,0
"4451","167413",2024-05-24,"Wild","Abert's squirrel",0,"0","0","0",0,0
"4451","167413",2024-05-24,"Domestic","Bovine",0,"0","0","0",0,0
"4451","167533",2024-05-31,"Domestic","Camelidae",0,"2","0","0",0,0
"4451","167533",2024-05-31,"Wild","Coyote",0,"0","0","0",0,0
"4451","167533",2024-05-31,"Domestic","Cats",0,"1","0","0",0,0
"4451","167533",2024-05-31,"Wild","Virginia Opossum",0,"0","0","0",0,0
"4451","167533",2024-05-31,"Wild","Domestic cat",0,"1","0","0",0,0
"4451","167533",2024-05-31,"Domestic","Goats",0,"0","0","0",0,0
"4451","167533",2024-05-31,"Wild","Gray Seal",0,"0","0","0",0,0
"4451","167533",2024-05-31,"Wild","Bobcat",0,"0","0","0",0,0
"4451","167533",2024-05-31,"Wild","Mephitidae (unidentified)",0,"0","0","0",0,0
"4451","167533",2024-05-31,"Wild","Striped Skunk",0,"0","0","0",0,0
"4451","167533",2024-05-31,"Wild","American Mink",0,"0","0","0",0,0
"4451","167533",2024-05-31,"Wild","Tiger",0,"0","0","0",0,0
"4451","167533",2024-05-31,"Wild","Harbor Seal",0,"0","0","0",0,0
"4451","167533",2024-05-31,"Wild","Racoon (Northern raccoon)",0,"1","0","0",0,0
"4451","167533",2024-05-31,"Wild","Puma",0,"0","0","0",0,0
"4451","167533",2024-05-31,"Wild","Bottlenose dolphin",0,"0","0","0",0,0
"4451","167533",2024-05-31,"Wild","American Black Bear (black bear)",0,"0","0","0",0,0
"4451","167533",2024-05-31,"Wild","Brown bear (Grizzly Bear)",0,"0","0","0",0,0
"4451","167533",2024-05-31,"Wild","Polar Bear",0,"0","0","0",0,0
"4451","167533",2024-05-31,"Wild","Red Fox",0,"0","0","0",0,0
"4451","167533",2024-05-31,"Wild","Amur Leopard",0,"0","0","0",0,0
"4451","167533",2024-05-31,"Wild","Fisher",0,"0","0","0",0,0
"4451","167533",2024-05-31,"Wild","North American river otter",0,"0","0","0",0,0
"4451","167533",2024-05-31,"Wild","American marten",0,"0","0","0",0,0
"4451","167533",2024-05-31,"Wild","Abert's squirrel",0,"0","0","0",0,0
"4451","167533",2024-05-31,"Domestic","Bovine",0,"0","0","0",0,0
"4451","167672",2024-06-07,"Domestic","Camelidae",0,"0","0","0",0,0
"4451","167672",2024-06-07,"Wild","Coyote",0,"0","0","0",0,0
"4451","167672",2024-06-07,"Domestic","Cats",0,"0","0","0",0,0
"4451","167672",2024-06-07,"Wild","Virginia Opossum",0,"0","0","0",0,0
"4451","167672",2024-06-07,"Wild","Domestic cat",0,"0","0","0",0,0
"4451","167672",2024-06-07,"Domestic","Goats",0,"0","0","0",0,0
"4451","167672",2024-06-07,"Wild","Gray Seal",0,"0","0","0",0,0
"4451","167672",2024-06-07,"Wild","Bobcat",0,"0","0","0",0,0
"4451","167672",2024-06-07,"Wild","Mephitidae (unidentified)",0,"0","0","0",0,0
"4451","167672",2024-06-07,"Wild","Striped Skunk",0,"0","0","0",0,0
"4451","167672",2024-06-07,"Wild","House mouse",0,"11","0","0",0,0
"4451","167672",2024-06-07,"Wild","American Mink",0,"0","0","0",0,0
"4451","167672",2024-06-07,"Wild","Tiger",0,"0","0","0",0,0
"4451","167672",2024-06-07,"Wild","Harbor Seal",0,"0","0","0",0,0
"4451","167672",2024-06-07,"Wild","Racoon (Northern raccoon)",0,"0","0","0",0,0
"4451","167672",2024-06-07,"Wild","Puma",0,"0","0","0",0,0
"4451","167672",2024-06-07,"Wild","Bottlenose dolphin",0,"0","0","0",0,0
"4451","167672",2024-06-07,"Wild","American Black Bear (black bear)",0,"0","0","0",0,0
"4451","167672",2024-06-07,"Wild","Brown bear (Grizzly Bear)",0,"0","0","0",0,0
"4451","167672",2024-06-07,"Wild","Polar Bear",0,"0","0","0",0,0
"4451","167672",2024-06-07,"Wild","Red Fox",0,"1","0","0",0,0
"4451","167672",2024-06-07,"Wild","Amur Leopard",0,"0","0","0",0,0
"4451","167672",2024-06-07,"Wild","Fisher",0,"0","0","0",0,0
"4451","167672",2024-06-07,"Wild","North American river otter",0,"0","0","0",0,0
"4451","167672",2024-06-07,"Wild","American marten",0,"0","0","0",0,0
"4451","167672",2024-06-07,"Wild","Abert's squirrel",0,"0","0","0",0,0
"4451","167672",2024-06-07,"Domestic","Bovine",0,"0","0","0",0,0
"4451","167771",2024-06-14,"Domestic","Camelidae",0,"0","0","0",0,0
"4451","167771",2024-06-14,"Wild","Coyote",0,"0","0","0",0,0
"4451","167771",2024-06-14,"Domestic","Cats",0,"1","0","0",0,0
"4451","167771",2024-06-14,"Wild","Virginia Opossum",0,"0","0","0",0,0
"4451","167771",2024-06-14,"Wild","Domestic cat",0,"2","0","0",0,0
"4451","167771",2024-06-14,"Domestic","Goats",0,"0","0","0",0,0
"4451","167771",2024-06-14,"Wild","Gray Seal",0,"0","0","0",0,0
"4451","167771",2024-06-14,"Wild","Bobcat",0,"0","0","0",0,0
"4451","167771",2024-06-14,"Wild","Mephitidae (unidentified)",0,"0","0","0",0,0
"4451","167771",2024-06-14,"Wild","Striped Skunk",0,"0","0","0",0,0
"4451","167771",2024-06-14,"Wild","House mouse",0,"36","0","0",0,0
"4451","167771",2024-06-14,"Wild","American Mink",0,"0","0","0",0,0
"4451","167771",2024-06-14,"Wild","Tiger",0,"0","0","0",0,0
"4451","167771",2024-06-14,"Wild","Harbor Seal",0,"0","0","0",0,0
"4451","167771",2024-06-14,"Wild","Racoon (Northern raccoon)",0,"0","0","0",0,0
"4451","167771",2024-06-14,"Wild","Puma",0,"0","0","0",0,0
"4451","167771",2024-06-14,"Wild","Bottlenose dolphin",0,"0","0","0",0,0
"4451","167771",2024-06-14,"Wild","American Black Bear (black bear)",0,"0","0","0",0,0
"4451","167771",2024-06-14,"Wild","Brown bear (Grizzly Bear)",0,"0","0","0",0,0
"4451","167771",2024-06-14,"Wild","Polar Bear",0,"0","0","0",0,0
"4451","167771",2024-06-14,"Wild","Red Fox",0,"0","0","0",0,0
"4451","167771",2024-06-14,"Wild","Amur Leopard",0,"0","0","0",0,0
"4451","167771",2024-06-14,"Wild","Fisher",0,"0","0","0",0,0
"4451","167771",2024-06-14,"Wild","North American river otter",0,"0","0","0",0,0
"4451","167771",2024-06-14,"Wild","American marten",0,"0","0","0",0,0
"4451","167771",2024-06-14,"Wild","Abert's squirrel",0,"0","0","0",0,0
"4451","167771",2024-06-14,"Domestic","Bovine",0,"0","0","0",0,0
"4451","167874",2024-06-21,"Domestic","Camelidae",0,"0","0","0",0,0
"4451","167874",2024-06-21,"Wild","Coyote",0,"0","0","0",0,0
"4451","167874",2024-06-21,"Domestic","Cats",0,"0","0","0",0,0
"4451","167874",2024-06-21,"Wild","Virginia Opossum",0,"0","0","0",0,0
"4451","167874",2024-06-21,"Wild","Domestic cat",0,"1","0","0",0,0
"4451","167874",2024-06-21,"Domestic","Goats",0,"0","0","0",0,0
"4451","167874",2024-06-21,"Wild","Gray Seal",0,"0","0","0",0,0
"4451","167874",2024-06-21,"Wild","Bobcat",0,"0","0","0",0,0
"4451","167874",2024-06-21,"Wild","Mephitidae (unidentified)",0,"0","0","0",0,0
"4451","167874",2024-06-21,"Wild","Striped Skunk",0,"0","0","0",0,0
"4451","167874",2024-06-21,"Wild","House mouse",0,"19","0","0",0,0
"4451","167874",2024-06-21,"Wild","American Mink",0,"0","0","0",0,0
"4451","167874",2024-06-21,"Wild","Tiger",0,"0","0","0",0,0
"4451","167874",2024-06-21,"Wild","Harbor Seal",0,"0","0","0",0,0
"4451","167874",2024-06-21,"Wild","Racoon (Northern raccoon)",0,"0","0","0",0,0
"4451","167874",2024-06-21,"Wild","Puma",0,"0","0","0",0,0
"4451","167874",2024-06-21,"Wild","Bottlenose dolphin",0,"0","0","0",0,0
"4451","167874",2024-06-21,"Wild","American Black Bear (black bear)",0,"0","0","0",0,0
"4451","167874",2024-06-21,"Wild","Brown bear (Grizzly Bear)",0,"0","0","0",0,0
"4451","167874",2024-06-21,"Wild","Polar Bear",0,"0","0","0",0,0
"4451","167874",2024-06-21,"Wild","Red Fox",0,"0","0","0",0,0
"4451","167874",2024-06-21,"Wild","Amur Leopard",0,"0","0","0",0,0
"4451","167874",2024-06-21,"Wild","Fisher",0,"0","0","0",0,0
"4451","167874",2024-06-21,"Wild","North American river otter",0,"0","0","0",0,0
"4451","167874",2024-06-21,"Wild","American marten",0,"0","0","0",0,0
"4451","167874",2024-06-21,"Wild","Abert's squirrel",0,"0","0","0",0,0
"4451","167874",2024-06-21,"Domestic","Bovine",0,"0","0","0",0,0
